consumer_term,medical_term
throwing up,vomiting
throwing up a lot,vomiting
puking,vomiting
feeling sick to my stomach,nausea
blurred eyesight,blurred vision
queasy,nausea
upset stomach,dyspepsia
stomach ache,abdominal pain
tummy pain,abdominal pain
gassy,flatulence
bloated feeling,bloating
can't poop,constipation
backed up,constipation
runny stool,diarrhea
the runs,diarrhea
loose stools,diarrhea
heartburn feeling,gastroesophageal reflux
acid reflux,gastroesophageal reflux
burping a lot,belching
no appetite,loss of appetite
not hungry at all,loss of appetite
eating everything in sight,increased appetite
cotton mouth,dry mouth
mouth feels dry,dry mouth
metallic taste in mouth,taste disturbance
food tastes weird,taste disturbance
hard to swallow,dysphagia
bleeding from the back,rectal bleeding
black poop,melena
blood in stool,hematochezia
throwing up blood,hematemesis
racing heart,palpitations
heart racing,palpitations
heart pounding,palpitations
heart skipping beats,palpitations
slow heartbeat,bradycardia
high blood pressure,hypertension
low blood pressure,hypotension
dizzy when standing up,orthostatic hypotension
chest pain,chest pain
tight chest,chest tightness
swollen ankles,peripheral edema
swollen feet,peripheral edema
puffy legs,peripheral edema
passed out,syncope
felt like I was going to faint,presyncope
cold hands and feet,cold extremities
face turning red,flushing
hot flashes,hot flashes
splitting headache,headache
pounding headache,headache
migraine attack,migraine
room spinning,vertigo
felt dizzy,dizziness
lightheaded,lightheadedness
sleepy all the time,somnolence
can't sleep,insomnia
sleeping too much,hypersomnia
shaking hands,tremor
hands trembling,tremor
pins and needles,paresthesia
tingly feeling,paresthesia
arm went numb,numbness
legs feel numb,numbness
brain fog,cognitive impairment
can't think straight,cognitive impairment
forgetful,memory impairment
losing my balance,balance problems
stumbling around,ataxia
slurring words,slurred speech
burning feeling in feet,burning sensation
electric shock feeling in my head,electric shock sensation
brain zaps,electric shock sensation
seizure episode,seizure
anxious all the time,anxiety
panicky,panic attacks
feeling down,depression
really depressed,depression
mood all over the place,mood swings
snapping at everyone,irritability
on edge,nervousness
can't sit still,restlessness
seeing things that aren't there,hallucinations
suicidal thoughts,suicidal ideation
thoughts of self harm,suicidal ideation
crying for no reason,crying spells
emotionally numb,emotional blunting
don't care about anything,apathy
withdrawal when I stopped,withdrawal symptoms
hooked on it,dependence
needed more to feel the same effect,tolerance
itchy skin,pruritus
skin is itchy all over,pruritus
broke out in hives,urticaria
rash all over my body,rash
skin peeling off,skin peeling
bruise easily,easy bruising
random bruises,bruising
hair falling out,alopecia
losing hair in clumps,alopecia
sweating like crazy,excessive sweating
drenched in sweat at night,night sweats
skin turned yellow,jaundice
eyes turned yellow,jaundice
face swelled up,facial swelling
lips swelling up,swelling of lips
tongue swelled up,swelling of tongue
can't breathe,shortness of breath
out of breath,dyspnea
winded easily,dyspnea
wheezing sound when breathing,wheezing
stuffy nose,nasal congestion
nose bleeding,epistaxis
sore throat,sore throat
hoarse voice,hoarseness
coughing nonstop,cough
muscle aches all over,myalgia
body aches,body aches
joints hurt,arthralgia
achy joints,arthralgia
back is killing me,back pain
legs cramping at night,leg cramps
muscles feel weak,muscle weakness
stiff in the morning,stiffness
kidneys hurt,kidney pain
peeing all the time,urinary frequency
burns when I pee,dysuria
blood in my urine,hematuria
can't hold my pee,incontinence
getting up all night to pee,nocturia
urine is dark,dark urine
foamy pee,foamy urine
gained a bunch of weight,weight gain
dropped weight fast,weight loss
blood sugar spiked,hyperglycemia
blood sugar crashed,hypoglycemia
always thirsty,excessive thirst
can't handle the cold,cold intolerance
can't handle the heat,heat intolerance
vision is blurry,blurred vision
seeing double,double vision
eyes are so dry,dry eyes
eyes hurt,eye pain
sensitive to light,photophobia
ringing in my ears,tinnitus
ears ringing constantly,tinnitus
can't hear as well,hearing loss
ears feel full,ear fullness
no sex drive,decreased libido
libido tanked,decreased libido
can't get it up,erectile dysfunction
periods are all messed up,menstrual irregularities
missed my period,amenorrhea
breasts are tender,breast tenderness
spotting between periods,spotting between periods
so tired all the time,fatigue
wiped out,fatigue
running a fever,fever
chills and shaking,chills
feel like garbage,malaise
flu-like feeling,flu-like symptoms
no energy at all,low energy
allergic reaction,allergic reaction
threw up and had hives,allergic reaction
injection site is sore,injection site pain
red bump where I got the shot,injection site redness
swelling where I got the shot,injection site swelling
bruise where the needle went in,injection site bruising
skin burns where I put the patch,application site burning
gums are bleeding,gum bleeding
teeth are discolored,tooth discoloration
sores in my mouth,mouth ulcers
grinding my teeth at night,teeth grinding
liver numbers are off,elevated liver enzymes
liver test came back high,elevated liver enzymes
cholesterol went up,elevated cholesterol
blood work showed low platelets,thrombocytopenia
white blood cells dropped,leukopenia
anemic,anemia
feel anemic and weak,anemia
clot in my leg,deep vein thrombosis
stroke-like symptoms,transient ischemic attack
felt like I was having a heart attack,myocardial infarction
panic attack out of nowhere,panic attacks
shaking uncontrollably,tremor
can't stop scratching,pruritus
stomach on fire,abdominal pain
gut wrenching pain,abdominal cramping
head feels like it's going to explode,headache
world is spinning,vertigo
felt drunk without drinking,ataxia
zombie-like,emotional blunting
felt like a zombie,somnolence
can't focus on anything,difficulty concentrating
words won't come out right,word-finding difficulty
skin crawling feeling,paresthesia
legs won't stay still at night,restless legs syndrome
waking up gasping,apnea
snoring got worse,apnea
chest feels heavy,chest tightness
heart flutters,palpitations
feel jittery,nervousness
wired but tired,insomnia
can't wind down at night,insomnia
nightmares every night,nightmares
weird vivid dreams,vivid dreams
sleepwalking again,sleepwalking
appetite disappeared,loss of appetite
can't stop eating,increased appetite
puffy face,facial swelling
swollen glands,lymphadenopathy
joints are swollen,joint swelling
can't grip things anymore,reduced grip strength
legs feel heavy,muscle weakness
muscles are so sore,myalgia
bones ache,bone pain
jaw hurts,jaw pain
neck is stiff,neck pain
can barely walk,gait disturbance
dragging my feet,gait disturbance
felt faint,presyncope
skin is peeling and blistering,toxic epidermal necrolysis
rash with blisters everywhere,Stevens-Johnson syndrome
throat closing up,throat swelling
hard time breathing after taking it,difficulty breathing due to swelling
went into shock,anaphylactic shock
blood pressure through the roof,hypertension
blood pressure tanked,hypotension
kidneys shutting down,acute kidney injury
kidney function dropped,elevated creatinine
peeing way more than usual,polyuria
barely peeing at all,oliguria
gained water weight,fluid retention
electrolytes off,electrolyte imbalance
potassium too high,hyperkalemia
potassium too low,hypokalemia
sodium levels low,hyponatremia
calcium too high,hypercalcemia
thyroid acting up,thyroid dysfunction
gout flare-up,gout flare
libido came back with a vengeance,increased libido
breasts leaking,galactorrhea
man boobs,gynecomastia
testicles hurt,testicular pain
vaginal dryness,vaginal dryness
heavy periods,heavy menstrual bleeding
bleeding after menopause,postmenopausal bleeding
pelvic pain,pelvic pain
ear infection came back,ear infection
hearing muffled,hearing impairment
eyes are red and watery,eye redness
eyelid keeps twitching,eyelid twitching
seeing floating spots,floaters
can't see well at night,night vision problems
gums are swollen,gum swelling
bad breath started,bad breath
mouth full of white patches,oral thrush
nails turned weird color,nail discoloration
nails are brittle,nail changes
hair growing in weird places,hirsutism
skin got darker in patches,hyperpigmentation
skin lost its color in spots,hypopigmentation
small purple spots on skin,petechiae
large bruise-like patches,purpura
felt spacey,cognitive impairment
everything feels unreal,disorientation
felt disconnected from myself,disorientation
blacked out,syncope
collapsed suddenly,syncope
skin feels clammy,clammy skin
cold sweats at night,cold sweats
shaking and sweating when I skip a dose,withdrawal tremor
felt sick when I stopped taking it,discontinuation syndrome
craving it constantly,drug craving
needed to take more to feel normal,drug tolerance
insomnia came back worse after stopping,rebound insomnia
anxiety came back worse after stopping,rebound anxiety
throat feels like it's closing,throat swelling
swelled up like a balloon,facial swelling
skin feels like it's burning,burning sensation
feel like bugs crawling on my skin,paresthesia
stomach in knots,abdominal cramping
can't keep anything down,vomiting
gagging constantly,dry retching
food just sits in my stomach,early satiety
belly is huge and tight,abdominal distension
poop is greasy and pale,clay-colored stools
keep getting nosebleeds,epistaxis
wheezy chest,wheezing
can't catch my breath climbing stairs,exercise intolerance
lips turning blue,cyanosis
legs won't stop twitching at night,nocturnal leg jerks
words come out jumbled,aphasia
face drooping on one side,facial droop
can't remember what happened yesterday,short-term memory loss
feel outside my body,depersonalization
nothing feels real anymore,derealization
can't stop intrusive thoughts,intrusive thoughts
talking a mile a minute,pressured speech
thoughts racing nonstop,racing thoughts
skin breaking down where I lie,pressure sores
cut won't heal,delayed wound healing
nails lifting off the bed,onycholysis
red streaks up my arm,cutaneous vasculitis
belly swollen with fluid,ascites
"confused and can't remember things, doctor said it's my liver",hepatic encephalopathy
spider veins showed up on my chest,spider angiomas
keep bruising and gums won't stop bleeding,spontaneous bruising
doctor said my bone marrow isn't making enough blood cells,bone marrow suppression
always thirsty and peeing nonstop,polydipsia
fat redistributed weirdly on my body,abnormal body fat redistribution
seeing halos around streetlights,halos around lights
eyelid won't stay open,eyelid drooping
sudden hearing loss in one ear,sudden hearing loss
ear is oozing fluid,ear discharge
nipples leaking fluid,nipple discharge
scrotum is swollen and painful,scrotal swelling
feels like impending doom,feeling of impending doom
worn out even after resting,post-exertional malaise
drooling all over my pillow,excessive drooling
mouth burns like I ate a pepper,burning mouth syndrome
talk in my sleep now,sleep talking
waking up multiple times a night,frequent night waking
